{
    "RMSE": 0.31175123458259985,
    "MAE_RUB": 2492303.648829537,
    "MAPE": 24.06871393277746,
    "R2": 0.7033820812349114
}
