{
    "RMSE": 0.2377789667806014,
    "MAE_RUB": 2152977.4004120873,
    "MAPE": 17.412880700608525,
    "R2": 0.7821034100462314
}
